Workbook
Name ИменованныйДиапазон_один_день_отпуска: 'Ответы на форму (1)'!$M:$M
Name ИменованныйДиапазон_оценка: 'Ответы на форму (1)'!$J:$J
Name SlicerCache_Table_1_Col_4: #N/A
Name SlicerCache_Table_1_Col_5: #N/A
Name SlicerCache_Table_1_Col_10: #N/A

Sheet Ответы на форму (1)
A1: Отметка времени | B1: Страна назначения | C1: Город назначения | D1: Дата отбытия | E1: Дата прибытия | F1: Бюджет | G1: Стоимость билетов | H1: Стоимость отеля | I1: Траты на отдыхе | J1: Оценка от 1 до 5 | K1: Итого | L1: Отклонение от бюджета | M1: Стоимость 1 дня отпуска | N1: Стоимость 1 дня в отеле | O1: Стоимость 1 дня трат | P1: Международное направление | Q1: City
A2: 45028.821 | B2: Россия | C2: Москва | D2: 44195 | E2: 44208 | F2: 120000 | G2: 8300 | H2: 91000 | I2: 30693 | J2: 3 | K2: =G2+H2+I2 -> 129993 | L2: =F2-K2 -> -9993 | M2: =K2/(E2-D2) -> 9999.4615 | N2: =H2/(E2-D2) -> 7000 | O2: =I2/(E2-D2) -> 2361 | P2: =IFERROR( VLOOKUP(B2,'Справочник международных путеше'!A1:B10,2,FALSE), FALSE) -> FALSE | Q2: {=VLOOKUP(C2:C11,'Справочник_столиц'!A2:B11,2,FALSE)} -> Moscow
A3: 45028.821 | B3: Кипр | C3: Ларнака | D3: 44409 | E3: 44422 | F3: 150000 | G3: 38500 | H3: 86996 | I3: 44993 | J3: 4 | K3: =G3+H3+I3 -> 170489 | L3: =F3-K3 -> -20489 | M3: =K3/(E3-D3) -> 13114.538 | N3: =H3/(E3-D3) -> 6692 | O3: =I3/(E3-D3) -> 3461 | P3: =VLOOKUP(B3,'Справочник международных путеше'!A2:B11,2,FALSE) -> ИСТИНА | Q3: Larnaca
A4: 45028.823 | B4: Доминикана | C4: Пунта-Кана | D4: 44469 | E4: 44479 | F4: 200000 | G4: 105000 | H4: 95000 | I4: 68000 | J4: 5 | K4: =G4+H4+I4 -> 268000 | L4: =F4-K4 -> -68000 | M4: =K4/(E4-D4) -> 26800 | N4: =H4/(E4-D4) -> 9500 | O4: =I4/(E4-D4) -> 6800 | P4: =VLOOKUP(B4,'Справочник международных путеше'!A3:B12,2,FALSE) -> ИСТИНА | Q4: Punta cana
A5: 45028.824 | B5: Турция | C5: Белек | D5: 44676 | E5: 44691 | F5: 180000 | G5: 68000 | H5: 66000 | I5: 48000 | J5: 4 | K5: =G5+H5+I5 -> 182000 | L5: =F5-K5 -> -2000 | M5: =K5/(E5-D5) -> 12133.333 | N5: =H5/(E5-D5) -> 4400 | O5: =I5/(E5-D5) -> 3200 | P5: =VLOOKUP(B5,'Справочник международных путеше'!A4:B13,2,FALSE) -> ИСТИНА | Q5: Belek
A6: 45028.825 | B6: Тунис | C6: Монастир | D6: 44752 | E6: 44766 | F6: 160000 | G6: 67000 | H6: 69006 | I6: 42994 | J6: 3 | K6: =G6+H6+I6 -> 179000 | L6: =F6-K6 -> -19000 | M6: =K6/(E6-D6) -> 12785.714 | N6: =H6/(E6-D6) -> 4929 | O6: =I6/(E6-D6) -> 3071 | P6: =VLOOKUP(B6,'Справочник международных путеше'!A5:B14,2,FALSE) -> ИСТИНА | Q6: Monastir
A7: 45028.826 | B7: Бали | C7: Денпасар | D7: 44895 | E7: 44910 | F7: 230000 | G7: 64000 | H7: 109995 | I7: 73995 | J7: 4 | K7: =G7+H7+I7 -> 247990 | L7: =F7-K7 -> -17990 | M7: =K7/(E7-D7) -> 16532.667 | N7: =H7/(E7-D7) -> 7333 | O7: =I7/(E7-D7) -> 4933 | P7: =VLOOKUP(B7,'Справочник международных путеше'!A6:B15,2,FALSE) -> ИСТИНА | Q7: Denpasar
A8: 45028.827 | B8: Испания | C8: Мадрид | D8: 44938 | E8: 44945 | F8: 115000 | G8: 66000 | H8: 77000 | I8: 33999 | J8: 5 | K8: =G8+H8+I8 -> 176999 | L8: =F8-K8 -> -61999 | M8: =K8/(E8-D8) -> 25285.571 | N8: =H8/(E8-D8) -> 11000 | O8: =I8/(E8-D8) -> 4857 | P8: =VLOOKUP(B8,'Справочник международных путеше'!A7:B16,2,FALSE) -> ИСТИНА | Q8: Madrid
A9: 45028.828 | B9: Португалия | C9: Лиссабон | D9: 44962 | E9: 44972 | F9: 240000 | G9: 103000 | H9: 117000 | I9: 55000 | J9: 4 | K9: =G9+H9+I9 -> 275000 | L9: =F9-K9 -> -35000 | M9: =K9/(E9-D9) -> 27500 | N9: =H9/(E9-D9) -> 11700 | O9: =I9/(E9-D9) -> 5500 | P9: =VLOOKUP(B9,'Справочник международных путеше'!A8:B17,2,FALSE) -> ИСТИНА | Q9: Lisbon
A10: 45028.828 | B10: Франция | C10: Ницца | D10: 44993 | E10: 45005 | F10: 260000 | G10: 74000 | H10: 108000 | I10: 87000 | J10: 5 | K10: =G10+H10+I10 -> 269000 | L10: =F10-K10 -> -9000 | M10: =K10/(E10-D10) -> 22416.667 | N10: =H10/(E10-D10) -> 9000 | O10: =I10/(E10-D10) -> 7250 | P10: =VLOOKUP(B10,'Справочник международных путеше'!A9:B18,2,FALSE) -> ИСТИНА | Q10: Nice
A11: 45028.829 | B11: Сербия | C11: Белград | D11: 45018 | E11: 45025 | F11: 85000 | G11: 47000 | H11: 26999 | I11: 22995 | J11: 4 | K11: =G11+H11+I11 -> 96994 | L11: =F11-K11 -> -11994 | M11: =K11/(E11-D11) -> 13856.286 | N11: =H11/(E11-D11) -> 3857 | O11: =I11/(E11-D11) -> 3285 | P11: =VLOOKUP(B11,'Справочник международных путеше'!A10:B19,2,FALSE) -> ИСТИНА | Q11: Belgrade

Sheet Сводная таблица 1
A1: Страна назначения | B1: Бюджет | C1: Стоимость билетов | D1: Стоимость отеля | E1: Траты на отдыхе | F1: Итого | G1: Стоимость 1 дня отпуска | H1: Стандартное отклонение фактической стоимости отпуска от запланированной
B2: 0 | C2: 0 | D2: 0 | E2: 0 | F2: 0 | G2: 0 | H2: 0
A3: Бали | B3: 230000 | C3: 64000 | D3: 109995 | E3: 73995 | F3: 247990 | G3: 16532.667 | H3: =STDEV(B3,F3) -> 12720.851
A4: Доминикана | B4: 200000 | C4: 105000 | D4: 95000 | E4: 68000 | F4: 268000 | G4: 26800 | H4: =STDEV(B4,F4) -> 48083.261
A5: Испания | B5: 115000 | C5: 66000 | D5: 77000 | E5: 33999 | F5: 176999 | G5: 25285.571 | H5: =STDEV(B5,F5) -> 43839.913
A6: Кипр | B6: 150000 | C6: 38500 | D6: 86996 | E6: 44993 | F6: 170489 | G6: 13114.538 | H6: =STDEV(B6,F6) -> 14487.911
A7: Португалия | B7: 240000 | C7: 103000 | D7: 117000 | E7: 55000 | F7: 275000 | G7: 27500 | H7: =STDEV(B7,F7) -> 24748.737
A8: Россия | B8: 120000 | C8: 8300 | D8: 91000 | E8: 30693 | F8: 129993 | G8: 9999.4615 | H8: =STDEV(B8,F8) -> 7066.1181
A9: Сербия | B9: 85000 | C9: 47000 | D9: 26999 | E9: 22995 | F9: 96994 | G9: 13856.286 | H9: =STDEV(B9,F9) -> 8481.0387
A10: Тунис | B10: 160000 | C10: 67000 | D10: 69006 | E10: 42994 | F10: 179000 | G10: 12785.714 | H10: =STDEV(B10,F10) -> 13435.029
A11: Турция | B11: 180000 | C11: 68000 | D11: 66000 | E11: 48000 | F11: 182000 | G11: 12133.333 | H11: =STDEV(B11,F11) -> 1414.2136
A12: Франция | B12: 260000 | C12: 74000 | D12: 108000 | E12: 87000 | F12: 269000 | G12: 22416.667 | H12: =STDEV(B12,F12) -> 6363.961
A13: Итого | B13: 1740000 | C13: 640800 | D13: 846996 | E13: 507669 | F13: 1995465 | G13: 180424.24 | H13: =STDEV(B13,F13) -> 180641.03
A16: Количество поездок | B16: =COUNTA(B3:B12) -> 10
A17: Средняя стоимость поездки | B17: =AVERAGE(B3:B12) -> 174000
A18: Стандартное отклонение | B18: =STDEV(B3:B12) -> 58395.205
A19: Медиана | B19: =MEDIAN(B3:B12) -> 170000
A20: Дисперсия по выборке | B20: =VAR(B3:B12) -> 3410000000

Sheet Справочник международных путеше
A1: Международное направление
A2: {='Ответы на форму (1)'!B3:B11} -> Кипр | B2: ИСТИНА
A3: Доминикана | B3: ИСТИНА
A4: Турция | B4: ИСТИНА
A5: Тунис | B5: ИСТИНА
A6: Бали | B6: ИСТИНА
A7: Испания | B7: ИСТИНА
A8: Португалия | B8: ИСТИНА
A9: Франция | B9: ИСТИНА
A10: Сербия | B10: ИСТИНА

Sheet Отчет
A1: Струтура расходов в разрезе стоимости перелета, проживания и текущих расходов с выделением сектора путешествий внутри страны
A34: Рейтинг стран по стоимости 1 дня в отеле | F34: Рейтинг стран по стоимости 1 дня трат
A49: Самый дорогой отпуск суммарно | F49: Среднее стандартное отклонение стоимости отпуска от запланированной

Sheet Корреляция
H2: Корреляция | I2: =CORREL('Ответы на форму (1)'!M:M,'Ответы на форму (1)'!J:J) -> 0.75215756
H7: По графику можно сделать вывод о наличии корреляции: чем выше оценка, тем выше стоимость отпуска.

Sheet Тестирование гипотез
A1: Среднее стандартное отклонение стоимости отпуска от запланированной
B3: Исходные данные
A18: Сформулируем гипотезу о том, что стандартное отклонение фактических затрат от плановых равно 0. Примем, что у нас ситуация с нормальным распределением данных. Установим уровень значимости - 5%.
A19: То есть нулевая гипотеза H0 - стоимость поездки не отклоняется от плана.
A20: Альтернативная гипотеза H1 реальная стоимость отпуска отклоняется от плановых показателей.
A23: H0 | B23: 0
A24: H1 | B24: !=0
A25: Уровень значимости | B25: 0.05
A26: Число степеней свободы | B26: =COUNT(B6:B15)-1 -> 9
A27: Среднее значение по выборке | B27: =AVERAGE(B6:B15) -> 18064.103
A28: Стандартное отклонение | B28: =STDEV(B6:B15) -> 15985.748
A29: Размер выборки | B29: =COUNT(B6:B15) -> 10
A30: t-статистика | B30: =ABS((B27-B23)*SQRT(B29)/B28) -> 3.5734149 | D30: pvalue | E30: =TDIST(B30,B31,2) -> 0.070169956
A31: Критическое значение | B31: =TINV(B25,B26) -> 2.2621572 | D31: =TINV(0.05,2) -> 4.3026527
A34: p-value выше уровня значимости, значит, нулевую гипотезу не можем отвергнуть

Sheet Справочник_столиц
B1: City
A2: Москва | B2: Moscow
A3: Ларнака | B3: Larnaca
A4: Пунта-Кана | B4: Punta cana
A5: Белек | B5: Belek
A6: Монастир | B6: Monastir
A7: Денпасар | B7: Denpasar
A8: Мадрид | B8: Madrid
A9: Лиссабон | B9: Lisbon
A10: Ницца | B10: Nice
A11: Белград | B11: Belgrade
